url,label
https://google.com,0
https://youtube.com,0
https://wikipedia.org,0
https://amazon.com,0
https://github.com,0
https://stackoverflow.com,0
https://microsoft.com,0
https://apple.com,0
https://netflix.com,0
https://openai.com,0
https://mozilla.org,0
https://linkedin.com,0
https://twitter.com,0
https://facebook.com,0
https://instagram.com,0
https://cloudflare.com,0
https://dropbox.com,0
https://adobe.com,0
https://medium.com,0
https://cnn.com,0
https://bbc.com,0
https://nytimes.com,0
https://bing.com,0
https://whatsapp.com,0
https://office.com,0
https://zoom.us,0
https://slack.com,0
https://trello.com,0
https://notion.so,0
https://asana.com,0
https://spotify.com,0
https://uber.com,0
https://airbnb.com,0
https://shopify.com,0
https://paypal.com,0
https://stripe.com,0
https://salesforce.com,0
https://figma.com,0
https://canva.com,0
https://quora.com,0
https://medium.com,0
https://coursera.org,0
https://udemy.com,0
https://khanacademy.org,0
https://unsplash.com,0
https://pinterest.com,0
https://behance.net,0
https://dribbble.com,0
https://skype.com,0
https://oracle.com,0
https://intel.com,0
https://amd.com,0
https://nvidia.com,0
https://dell.com,0
https://hp.com,0
https://samsung.com,0
https://sony.com,0
https://honda.com,0
https://bmw.com,0
https://mercedes-benz.com,0
https://toyota.com,0
https://nike.com,0
https://adidas.com,0
https://zara.com,0
https://shein.com,0
https://aliexpress.com,0
https://target.com,0
https://walmart.com,0
https://bestbuy.com,0
https://costco.com,0
https://ikea.com,0
https://homedepot.com,0
https://lowes.com,0
https://foodpanda.com,0
https://ubereats.com,0
https://grubhub.com,0
https://doordash.com,0
https://nike.com,0
https://reebok.com,0
https://booking.com,0
https://expedia.com,0
https://tripadvisor.com,0
https://agoda.com,0
https://weather.com,0
https://accuweather.com,0
https://forbes.com,0
https://bloomberg.com,0
https://investing.com,0
https://coinmarketcap.com,0
https://binance.com,0
https://kraken.com,0
https://coinbase.com,0
https://steamcommunity.com,0
https://store.steampowered.com,0
https://epicgames.com,0
https://playstation.com,0
https://xbox.com,0
https://nintendo.com,0
https://roblox.com,0
https://minecraft.net,0
https://fortnite.com,0
https://twitch.tv,0
https://discord.com,0
https://reddit.com,0
https://deepl.com,0
https://grammarly.com,0
https://proton.me,0
https://mega.nz,0
https://archive.org,0
https://researchgate.net,0
https://arxiv.org,0
https://springer.com,0
https://ieee.org,0
https://acm.org,0
https://who.int,0
https://cdc.gov,0
https://mayoclinic.org,0
https://healthline.com,0
https://worldbank.org,0
https://un.org,0
https://unesco.org,0
https://imf.org,0
https://weforum.org,0
https://esa.int,0
https://nasa.gov,0
https://esa.int,0
https://nasa.gov,0
https://tesla.com,0
https://ford.com,0
https://chevrolet.com,0
https://kfc.com,0
https://mcdonalds.com,0
https://burgerking.com,0
https://subway.com,0
https://dominos.com,0
https://pizza-hut.com,0
https://starbucks.com,0
https://pepsi.com,0
https://cocacola.com,0
https://dhl.com,0
https://fedex.com,0
https://ups.com,0
https://tcs.com,0
https://hbl.com,0
https://ubl.com.pk,0
https://paypal.com,0
https://moneygram.com,0
https://westernunion.com,0
https://visa.com,0
https://mastercard.com,0
https://amex.com,0
https://booking.com,0
https://hotels.com,0
https://marriott.com,0
https://hyatt.com,0
https://hilton.com,0
https://accor.com,0
https://emirates.com,0
https://qatarairways.com,0
https://etihad.com,0
https://lufthansa.com,0
https://airfrance.com,0
https://klm.com,0
https://singaporeair.com,0
https://turkishairlines.com,0
https://britishairways.com,0
https://aircanada.com,0
https://ana.co.jp,0
https://jal.co.jp,0
https://spacex.com,0
https://blueorigin.com,0
https://tesla.com,0
https://volkswagen.com,0
https://audi.com,0
https://porsche.com,0
https://volvo.com,0
https://renault.com,0
https://hyundai.com,0
https://kia.com,0
https://mazda.com,0
https://mitsubishi.com,0
https://shell.com,0
https://chevron.com,0
https://petrochina.com,0
https://exxonmobil.com,0
https://bp.com,0
https://totalenergies.com,0
https://ikea.com,0
https://alibaba.com,0
https://aliexpress.com,0
https://rakuten.com,0
https://flipkart.com,0
https://daraz.pk,0
https://jumia.com,0
https://target.com,0
https://costco.com,0
https://bestbuy.com,0
https://macys.com,0
https://kohls.com,0
https://jcp.com,0
https://toysrus.com,0
https://lego.com,0
https://hasbro.com,0
https://fiverr.com,0
https://upwork.com,0
https://freelancer.com,0
https://peopleperhour.com,0
https://99designs.com,0
https://themeforest.net,0
https://codecanyon.net,0
https://envato.com,0
https://namecheap.com,0
https://godaddy.com,0
https://cloudways.com,0
https://hostinger.com,0
https://bluehost.com,0
https://digitalocean.com,0
https://vultr.com,0
https://linode.com,0
https://aws.amazon.com,0
https://azure.microsoft.com,0
https://cloud.google.com,0
https://mongodb.com,0
https://postgresql.org,0
https://mysql.com,0
https://python.org,0
https://nodejs.org,0
https://reactjs.org,0
https://vuejs.org,0
https://angular.io,0
https://flutter.dev,0
https://expo.dev,0
https://vercel.com,0
https://railway.app,0
https://render.com,0
https://glitch.com,0
https://supabase.com,0
https://firebase.google.com,0
https://heroku.com,0
https://jetbrains.com,0
https://eclipse.org,0
https://visualstudio.com,0
https://figma.com,0
https://miro.com,0
https://diagrams.net,0
https://whimsical.com,0
https://notion.so,0
https://evernote.com,0
https://todoist.com,0
https://grammarly.com,0
https://deepl.com,0
https://wikihow.com,0
https://britannica.com,0
https://dictionary.com,0
https://thesaurus.com,0
https://maps.google.com,0
https://earth.google.com,0
https://translate.google.com,0
https://news.google.com,0
https://photos.google.com,0
https://drive.google.com,0
https://mail.google.com,0
https://scholar.google.com,0
https://classroom.google.com,0
https://cloudflare.com,0
https://verisign.com,0
https://letsencrypt.org,0
https://mozilla.com,0
https://opera.com,0
https://vivaldi.com,0
https://brave.com,0
https://duckduckgo.com,0
https://torproject.org,0
https://proton.me,0
https://mega.nz,0
https://waybackmachine.org,0
https://unsplash.com,0
https://pexels.com,0
https://pixabay.com,0
https://freepik.com,0
https://canva.com,0
https://filmora.com,0
https://capcut.com,0
https://adobe.com,0
https://davinciresolvestudio.com,0
https://blackmagicdesign.com,0
https://autodesk.com,0
https://sketchup.com,0
https://blender.org,0
https://unity.com,0
https://unrealengine.com,0
https://godotengine.org,0
https://roblox.com,0
https://minecraft.net,0
https://counter-strike.net,0
https://valorant.com,0
https://leagueoflegends.com,0
https://runescape.com,0
https://twitch.tv,0
https://discord.com,0
https://steamcommunity.com,0
https://epicgames.com,0
https://playstation.com,0
https://xbox.com,0
https://nintendo.com,0
https://riotgames.com,0
https://ea.com,0
https://ubisoft.com,0
https://activision.com,0
https://blizzard.com,0
http://login-verify-security.com,1
http://secure-update-paypal.com,1
http://account-check-verification.net,1
http://paypal-resolution-center-help.com,1
http://appleid-lock-restore.com,1
http://secure-apple-validation.net,1
http://bankofamerica-alert-center.com,1
http://secure-banking-authenticate.net,1
http://confirm-payments-warning.com,1
http://billing-update-required-now.net,1
http://fb-security-checkpoint-alert.com,1
http://meta-instagram-recovery-center.net,1
http://reset-password-security-team.com,1
http://secure-update-id-info.net,1
http://microsoft-account-warning-alert.com,1
http://verify-microsoft-login.net,1
http://secure-outlook-recovery-team.com,1
http://onedrive-storage-protect.net,1
http://amazon-account-locked-support.com,1
http://amazon-billing-verification.net,1
http://shipping-payment-update.com,1
http://dhl-tracking-reconfirm.net,1
http://ups-parcel-verify-alert.com,1
http://fedex-delivery-update-check.net,1
http://order-confirmation-security.com,1
http://crypto-wallet-recovery24.net,1
http://binance-security-authenticate.com,1
http://coinbase-protect-wallet.net,1
http://secure-wallet-unlock-now.com,1
http://wallet-access-verification.net,1
http://google-drive-security-warning.com,1
http://gmail-checkpoint-validate.net,1
http://secure-gmail-update-alert.com,1
http://drive-file-access-verify.net,1
http://youtube-copyright-claim-center.com,1
http://youtube-policy-violation-alert.net,1
http://copyright-strike-warning-team.com,1
http://channel-verification-update.net,1
http://tiktok-support-security.com,1
http://tiktok-copyright-review.net,1
http://secure-tiktok-unlock.com,1
http://meta-business-manager-alert.net,1
http://facebook-page-restore-form.com,1
http://fb-meta-ads-security.net,1
http://instagram-account-confirmation.com,1
http://insta-support-restore.net,1
http://secure-insta-checkpoint.com,1
http://snapchat-login-recovery.net,1
http://twitter-support-warning.com,1
http://x-meta-security-validation.net,1
http://github-secure-authenticate.com,1
http://gitlab-login-protect.net,1
http://developer-console-verification.com,1
http://steam-account-lock-restore.net,1
http://epicgames-security-check.com,1
http://riotgames-login-validate.net,1
http://gaming-recovery-secure.com,1
http://finance-verification-warning.com,1
http://online-banking-confirm.net,1
http://account-review-required-now.com,1
http://tax-refund-verification.net,1
http://irs-payment-checkpoint.com,1
http://gov-assistance-update.net,1
http://suspend-notice-id-alert.com,1
http://identity-protection-verify.net,1
http://secure-kyc-update.com,1
http://kyc-validation-required.net,1
http://loan-disbursement-confirm.com,1
http://salary-slip-download.net,1
http://hr-portal-security-check.com,1
http://employee-validation-center.net,1
http://office365-authentication-update.com,1
http://microsoft-teams-reset.net,1
http://outlook-quarantine-release.com,1
http://office-storage-warning.net,1
http://vpn-access-renewal.com,1
http://wifi-login-update.net,1
http://device-security-confirm.com,1
http://android-protect-alerts.net,1
http://secure-samsung-account.com,1
http://huawei-cloud-authenticate.net,1
http://apple-security-notification.com,1
http://icloud-verification-check.net,1
http://icloud-storage-limit-warning.com,1
http://macos-update-protect.net,1
http://windows-defender-alert-center.com,1
http://system-security-update.net,1
http://anti-virus-protection-warning.com,1
http://malware-detected-removal.net,1
http://software-license-verification.com,1
http://vpn-expired-renewal.net,1
http://wifi-pass-reset.com,1
http://router-security-check.net,1
http://sim-card-recovery-support.com,1
http://carrier-network-update.net,1
http://delivery-payment-required.com,1
http://shipping-fee-update.net,1
http://customs-clearance-support.com,1
http://international-parcel-verification.net,1
http://payment-authentication-alert.com,1
http://atm-card-unlock-now.net,1
http://banking-resolution-center.com,1
http://credit-card-update-info.net,1
http://loan-approval-confirmation.com,1
http://financial-review-center.net,1
http://insurance-policy-verification.com,1
http://mobile-banking-alert-center.net,1
http://transfer-security-warning.com,1
http://money-transfer-confirm.net,1
http://wallet-balance-verification.com,1
http://crypto-exchange-authenticate.net,1
http://bitcoin-wallet-unlock.com,1
http://token-verification-warning.net,1
http://meta-business-suite-alert.com,1
http://facebook-ads-review.net,1
http://instagram-copyright-center.com,1
http://creator-warning-notification.net,1
http://youtube-appeal-review-center.com,1
http://youtube-live-warning.net,1
http://tiktok-creator-monetization-alert.com,1
http://tiktok-performance-review.net,1
http://shopify-store-verification.com,1
http://shopify-admin-login-update.net,1
http://ecommerce-security-warning.com,1
http://online-store-protect.net,1
http://wordpress-admin-recovery.com,1
http://wordpress-security-check.net,1
http://cpanel-login-validation.com,1
http://hosting-expiration-alert.net,1
http://domain-renewal-payment.com,1
http://ssl-certificate-expired.net,1
http://email-server-lock-warning.com,1
http://webmail-quarantine-check.net,1
http://smtp-security-authenticate.com,1
http://dns-update-required.net,1
http://phpmyadmin-login-verify.com,1
http://database-protection-alert.net,1
http://backup-recovery-required.com,1
http://malware-protection-check.net,1
http://system-repair-center.com,1
http://device-health-security.net,1
http://windows-license-verify.com,1
http://microsoft-key-validation.net,1
http://software-protect-warning.com,1
http://driver-update-authenticate.net,1
http://usb-device-protect.com,1
http://email-inbox-security.net,1
http://spam-detection-center.com,1
http://email-delivery-failure.net,1
http://sender-verification-warning.com,1
http://secure-link-access.net,1
http://doc-file-verification.com,1
http://scan-file-restore.net,1
http://invoice-payment-check.com,1
http://tax-form-update.net,1
http://refund-processing-center.com,1
http://gov-portal-verification.net,1
http://citizen-id-update.com,1
http://national-id-security.net,1
http://passport-review-center.com,1
http://visa-application-verification.net,1
http://immigration-alert-notification.com,1
http://travel-document-update.net,1
http://flight-itinerary-verify.com,1
http://hotel-booking-security.net,1
http://ticket-payment-warning.com,1
http://password-reset-alert-center.com,1
http://account-protect-notification.net,1
http://credentials-validation-team.com,1
http://identity-lock-warning.net,1
http://profile-verification-update.com,1
http://user-access-restriction.net,1
http://system-authentication-warning.com,1
http://admin-access-validate.net,1
http://security-portal-protect.com,1
http://loginsuspicious-attempt.net,1
http://verifyuser-identity.com,1
http://unlock-account-center.net,1
http://fraud-detection-team.com,1
http://alert-security-center.net,1
http://recover-credentials.net,1
http://account-access-warning.com,1
http://id-verification-portal.net,1
http://authentication-failure-alert.com,1
http://password-authenticate-server.net,1
http://secure-portal-recovery.com,1
http://system-protect-update.net,1
http://access-restriction-warning.com,1
http://highrisk-login-detected.net,1
http://emergency-verification-team.com,1
http://urgent-confirmation-required.net,1
http://security-review-notice.com,1
http://protect-your-account.net,1
http://login-unusual-activity-alert.com,1
http://web-protect-detection.net,1
http://account-terminate-warning.com,1
http://service-suspension-alert.net,1
http://policy-violation-warning.com,1
http://compliance-review-update.net,1
http://restore-access-now.com,1
http://false-transaction-warning.net,1
http://urgent-security-update-now.com,1
http://accountalert-securityteam.net,1
http://secureunlock-userportal.com,1
http://paymentverify-required.net,1
http://resolution-center-supportteam.com,1
http://customer-verification-alert.net,1
http://secureclient-update.com,1
http://update-billing-information.net,1
http://confirm-transaction-alert.com,1
http://securitycheck-bankingportal.net,1
http://onlineaccess-blocked-alert.com,1
http://reactivate-userprofile.net,1
http://policy-update-review.com,1
http://fraud-alert-detection.net,1
http://verify-cardactivity.com,1
http://case-review-assistance.net,1
http://notice-accountlock.com,1
http://unlock-your-profile.net,1
http://service-review-warning.com,1
http://member-security-check.net,1
http://secure-user-update.com,1
http://client-portal-authenticate.net,1
http://account-reactivation-form.com,1
http://reset-access-portal.net,1
http://immediate-verification-alert.com,1
http://payment-failure-warning.net,1
http://secure-paymentreview.com,1
http://refund-review-center.net,1
http://verifybillingdetails.com,1
http://unauthorized-access-detected.net,1
http://account-confirmation-team.com,1
http://securezone-verification.net,1
http://remote-login-detected.com,1
http://identity-review-alert.net,1
http://access-protection-warning.com,1
http://credential-review-center.net,1
http://secure-data-validate.com,1
http://databreach-warning.net,1
http://securitybreach-detected.com,1
http://highrisk-access-alert.net,1
http://validate-account-info.com,1
http://member-access-restriction.net,1
http://twofactor-disabled-warning.com,1
http://securitytoken-reset.net,1
http://passwordpolicy-review.com,1
http://loginverification-center.net,1
http://secure-authenticate-user.com,1
http://session-unusual-activity.net,1
http://alert-profilevalidate.com,1
http://instant-security-warning.net,1
http://breach-detection-notice.com,1
http://userdataprotect.net,1
http://secure-userportal-warning.com,1
http://required-confirmation-alert.net,1
http://restricted-access-notify.com,1
http://device-activity-detected.net,1
http://browser-securitycheck.com,1
http://securedeviceupdate.net,1
http://iplocation-alert.com,1
http://location-change-warning.net,1
http://verify-signin-attempt.com,1
http://signinreview-securityteam.net,1
http://loginaccess-protect.com,1
http://loginalert-verification.net,1
http://accountverify-service.com,1
http://secureclient-validation.net,1
http://reactivation-securitylock.com,1
http://securitywarning-detection.net,1
http://warning-updatecredentials.com,1
http://dangerousactivity-detected.net,1
http://protection-systemalert.com,1
http://cybersecurity-review.net,1
http://verify-emailaccess.com,1
http://email-alert-validation.net,1
http://updateinbox-security.com,1
http://restoreemail-access.net,1
http://blocked-email-warning.com,1
http://mailbox-authentication.net,1
http://mail-server-verification.com,1
http://webmail-warningcenter.net,1
http://protectmail-account.com,1
http://messaging-security-alert.net,1
http://mobile-securityteam.com,1
http://sim-verification-alert.net,1
http://carrier-warning-update.com,1
http://provider-securitycheck.net,1
http://number-recovery-support.com,1
http://phone-validation-warning.net,1
http://unlock-mobiledevice.com,1
http://mobileupdate-review.net,1
http://appsecurity-notification.com,1
http://storeaccount-verification.net,1
http://playstore-security-update.com,1
http://devicebackup-warning.net,1
http://icloud-access-alert.com,1
http://icloud-info-verify.net,1
http://appleverify-support.com,1
http://applelogin-recovery.net,1
http://mac-account-protection.com,1
http://apple-systemalert.net,1
http://icloud-security-warning.com,1
http://icloud-checkpoint.net,1
http://iforgotpassword-center.com,1
http://appstore-fraudnotice.net,1
http://icloudbackup-warning.com,1
http://android-securityverify.net,1
http://samsung-account-alert.com,1
http://galaxy-security-warning.net,1
http://googleid-authenticate.com,1
http://gmail-verification-team.net,1
http://drivealert-protection.com,1
http://google-security-review.net,1
http://yahoo-accountsecure.com,1
http://yahoo-verification-alert.net,1
http://aol-securitynotice.com,1
http://outlooklogin-warning.net,1
http://msservices-validation.com,1
http://officeauthentication.net,1
http://onedrive-warningcenter.com,1
http://teams-securityverify.net,1
http://microsoftauth-center.com,1
http://mswarning-protection.net,1
http://win-defender-alert.com,1
http://windowsupdate-security.net,1
http://systemmalware-warning.com,1
http://virusremoval-required.net,1
http://software-update-alert.com,1
http://licenseverification.net,1
http://systempatch-warning.com,1
http://securityshield-notify.net,1
http://driverupdate-alert.com,1
http://hardware-diagnostic.net,1
http://networksecurity-check.com,1
http://wireless-protect.net,1
http://vpn-authentication-warning.com,1
http://vpn-accesscheck.net,1
http://router-securityalert.com,1
http://wifi-update-required.net,1
http://deviceintrusion-detected.com,1
http://networkbreach-warning.net,1
http://antivirus-databasealert.com,1
http://securitysuite-protection.net,1
http://softwareauth-check.com,1
http://credentialmanager-warning.net,1
http://securityfirewall-notice.com,1
http://uninstall-malware.net,1
http://system-threatalert.com,1
http://webprotect-warning.net,1
http://phishingattack-detected.com,1
http://email-phishingwarning.net,1
http://suspiciouslink-alert.com,1
http://cyberattack-prevention.net,1
http://datasecurity-notice.com,1
http://secure-filedownload.net,1
http://doc-verify-center.com,1
http://documentlock-warning.net,1
http://invoice-check-validation.com,1
http://bill-payment-warning.net,1
http://contract-review-center.com,1
http://e-signature-verification.net,1
http://finance-team-alert.com,1
http://fund-transfer-warning.net,1
http://bank-warning-security.com,1
http://banking-loginupdate.net,1
http://onlinebank-securecheck.com,1
http://atm-verifycenter.net,1
http://customerbanking-alert.com,1
http://transaction-reviewteam.net,1
http://creditcardprotect-alert.com,1
http://creditreview-center.net,1
http://loanverification-support.com,1
http://finance-kyc-warning.net,1
http://insurance-update-alert.com,1
http://policyrenewal-warning.net,1
http://claimprocessing-review.com,1
http://secureclaim-validation.net,1
http://investment-security-alert.com,1
http://portfolio-warning.net,1
http://fundaccess-verification.com,1
http://tradeaccount-security.net,1
http://binance-alertsecurity.com,1
http://cryptoaccess-validate.net,1
http://cryptowallet-protect.com,1
http://bitcoin-securityalert.net,1
http://tokenrecovery-center.com,1
http://exchange-warning.net,1
http://nft-login-verification.com,1
http://marketplace-securitycheck.net,1
http://gameaccount-warning.com,1
http://gamelogin-review.net,1
http://steamverify-alert.com,1
http://epicaccount-security.net,1
http://riotgamesverify.com,1
http://gamingsupport-warning.net,1
http://twitch-securityalert.com,1
http://twitch-monetization.net,1
http://youtube-copyrightreview.com,1
http://creator-warningcenter.net,1
http://yt-monetization-update.com,1
http://youtube-strikeappeal.net,1
http://creator-contentreview.com,1
http://socialmedia-securityalert.net,1
http://communityguidelines-review.com,1
http://fbmeta-securityteam.net,1
http://facebookpage-warning.com,1
http://fbads-verification.net,1
http://instagram-warningcenter.com,1
http://instarecovery-security.net,1
http://creatoraccount-alert.com,1
http://socialauth-validation.net,1
http://twitter-securityupdate.com,1
http://xlogin-warning.net,1
http://snapchat-authentication.com,1
http://tiktok-accessalert.net,1
http://messaging-appsecurity.com,1
http://telegram-verifycenter.net,1
http://whatsapplogin-warning.com,1
http://phoneapp-securityupdate.net,1
http://shoppingorder-review.com,1
http://ecom-securityalert.net,1
http://shop-review-validation.com,1
http://orderinvoice-warning.net,1
http://tracking-info-alert.com,1
http://dhlshipping-warning.net,1
http://fedexinfo-update.com,1
http://parcelverification-center.net,1
http://deliverynotice-alert.com,1
http://customswarning-update.net,1
http://shipbilling-confirm.com,1
http://ecommerce-userupdate.net,1
http://storebilling-warning.com,1
http://onlineshop-verify.net,1
http://merchant-securityalert.com,1
http://paymentgateway-warning.net,1
http://ordercharge-review.com,1
http://shopify-securityupdate.net,1
http://woocommerce-alertcenter.com,1
http://hostinglogin-warning.net,1
http://cpanel-securityverify.com,1
http://domainupdate-alert.net,1
http://dns-adminpanel.com,1
http://webhost-securityupdate.net,1
http://server-crash-warning.com,1
http://datacenter-securityalert.net,1
http://phpmyadmin-verifycenter.com,1
http://databasewarning-update.net,1
http://backup-recovery-alert.com,1
http://storagespace-warning.net,1
http://webconfig-alert.com,1
http://weblogin-verification.net,1
http://adminpanel-warning.com,1
http://cms-securityupdate.net,1
http://cms-accessalert.com,1
https://malicious.site,1

